channel,budget_inr,spend_inr,impressions,clicks,conversions,revenue_inr,city_is_null,budget_inr_is_null,campaign_manager_is_null,roi_pct,_record_count
Email,105396169.0,95604097,149242212,15341208,1279155,3545623128,5,3,3,965606.4283053806,151
Facebook Ads,108325669.0,92867278,132309451,13364876,1328882,3868371939,1,5,2,-1868391.4005426425,135
Google Ads,117087202.0,100139526,158407033,15092237,1525886,3961594669,3,0,6,-3026863.805010756,146
Instagram,126128353.0,111668526,160505533,15706192,1491501,4135787628,3,3,3,-170531.18763065117,163
LinkedIn,101072542.0,89506734,142525678,15853632,1516864,3951223843,4,3,1,1235799.2087115713,137
WhatsApp,97443241.0,87011196,128306505,13558412,1288013,3286073656,2,1,1,785958.9646300504,122
YouTube,100980591.0,92156703,136154664,12664211,1359944,3354052347,2,5,4,1058033.107677728,140
facebook ads,4890311.0,4475483,8396421,858699,66810,232970354,0,0,0,91354.70797933653,8
